video,content,resolution,bitrate
M8_coors_brewery_res=1080_bitrate=reference.avi,M8_coors_brewery,1080,reference
M4_four_tvs_res=480_bitrate=0.8.avi,M4_four_tvs,480,0.8
F10_no_she_is_not_deaf_res=1080_bitrate=0.8.avi,F10_no_she_is_not_deaf,1080,0.8
M4_four_tvs_res=480_bitrate=2.avi,M4_four_tvs,480,2
M9_bowler_domates_res=720_bitrate=0.8.avi,M9_bowler_domates,720,0.8
F12_matching_pattern_res=1080_bitrate=2.avi,F12_matching_pattern,1080,2
M2_cheat_code_res=480_bitrate=2.avi,M2_cheat_code,480,2
F10_no_she_is_not_deaf_res=1080_bitrate=reference.avi,F10_no_she_is_not_deaf,1080,reference
M9_bowler_domates_res=720_bitrate=2.avi,M9_bowler_domates,720,2
M7_performing_CPR_res=360_bitrate=0.8.avi,M7_performing_CPR,360,0.8
M4_four_tvs_res=1080_bitrate=0.8.avi,M4_four_tvs,1080,0.8
M7_performing_CPR_res=1080_bitrate=reference.avi,M7_performing_CPR,1080,reference
M5_I_want_to_learn_to_fish_res=480_bitrate=0.8.avi,M5_I_want_to_learn_to_fish,480,0.8
M8_Quaker_res=480_bitrate=2.avi,M8_Quaker,480,2
M3_died_at_32_res=720_bitrate=0.25.avi,M3_died_at_32,720,0.25
M8_Quaker_res=480_bitrate=0.25.avi,M8_Quaker,480,0.25
F9_action_of_the_dogs_ears_res=480_bitrate=0.8.avi,F9_action_of_the_dogs_ears,480,0.8
M8_Quaker_res=1080_bitrate=0.8.avi,M8_Quaker,1080,0.8
M2_cheat_code_res=720_bitrate=0.25.avi,M2_cheat_code,720,0.25
M7_how_about_cooking_meals_res=1080_bitrate=2.avi,M7_how_about_cooking_meals,1080,2
M9_bowler_domates_res=1080_bitrate=2.avi,M9_bowler_domates,1080,2
F5_crimson_res=1080_bitrate=0.8.avi,F5_crimson,1080,0.8
M4_four_tvs_res=360_bitrate=0.8.avi,M4_four_tvs,360,0.8
F5_crimson_res=720_bitrate=2.avi,F5_crimson,720,2
F9_around_7_blocks_res=480_bitrate=2.avi,F9_around_7_blocks,480,2
M2_cheat_code_res=1080_bitrate=2.avi,M2_cheat_code,1080,2
F9_action_of_the_dogs_ears_res=720_bitrate=0.25.avi,F9_action_of_the_dogs_ears,720,0.25
F12_matching_pattern_res=720_bitrate=2.avi,F12_matching_pattern,720,2
M8_Quaker_res=1080_bitrate=reference.avi,M8_Quaker,1080,reference
F12_matching_pattern_res=720_bitrate=0.25.avi,F12_matching_pattern,720,0.25
M9_bowler_domates_res=480_bitrate=0.25.avi,M9_bowler_domates,480,0.25
M5_I_want_to_learn_to_fish_res=720_bitrate=0.8.avi,M5_I_want_to_learn_to_fish,720,0.8
F12_matching_pattern_res=720_bitrate=0.8.avi,F12_matching_pattern,720,0.8
M5_I_want_to_learn_to_fish_res=480_bitrate=0.25.avi,M5_I_want_to_learn_to_fish,480,0.25
M9_bowler_domates_res=480_bitrate=0.8.avi,M9_bowler_domates,480,0.8
F12_matching_pattern_res=1080_bitrate=0.8.avi,F12_matching_pattern,1080,0.8
M3_died_at_32_res=1080_bitrate=reference.avi,M3_died_at_32,1080,reference
M8_coors_brewery_res=720_bitrate=2.avi,M8_coors_brewery,720,2
M9_bowler_domates_res=480_bitrate=2.avi,M9_bowler_domates,480,2
M2_cheat_code_res=720_bitrate=0.8.avi,M2_cheat_code,720,0.8
M9_bowler_domates_res=720_bitrate=0.25.avi,M9_bowler_domates,720,0.25
M2_back_tire_res=480_bitrate=0.8.avi,M2_back_tire,480,0.8
M7_how_about_cooking_meals_res=480_bitrate=2.avi,M7_how_about_cooking_meals,480,2
M7_performing_CPR_res=1080_bitrate=0.8.avi,M7_performing_CPR,1080,0.8
M7_how_about_cooking_meals_res=1080_bitrate=reference.avi,M7_how_about_cooking_meals,1080,reference
M8_coors_brewery_res=1080_bitrate=0.8.avi,M8_coors_brewery,1080,0.8
M2_back_tire_res=720_bitrate=0.25.avi,M2_back_tire,720,0.25
M8_coors_brewery_res=480_bitrate=2.avi,M8_coors_brewery,480,2
F9_around_7_blocks_res=1080_bitrate=2.avi,F9_around_7_blocks,1080,2
M3_died_at_32_res=720_bitrate=0.8.avi,M3_died_at_32,720,0.8
M7_how_about_cooking_meals_res=720_bitrate=0.25.avi,M7_how_about_cooking_meals,720,0.25
M7_performing_CPR_res=480_bitrate=0.25.avi,M7_performing_CPR,480,0.25
M2_back_tire_res=1080_bitrate=0.8.avi,M2_back_tire,1080,0.8
M7_how_about_cooking_meals_res=360_bitrate=0.8.avi,M7_how_about_cooking_meals,360,0.8
F9_action_of_the_dogs_ears_res=480_bitrate=2.avi,F9_action_of_the_dogs_ears,480,2
M7_performing_CPR_res=720_bitrate=0.25.avi,M7_performing_CPR,720,0.25
M2_cheat_code_res=1080_bitrate=reference.avi,M2_cheat_code,1080,reference
M8_Quaker_res=720_bitrate=0.8.avi,M8_Quaker,720,0.8
F5_crimson_res=1080_bitrate=2.avi,F5_crimson,1080,2
M9_bowler_domates_res=360_bitrate=0.8.avi,M9_bowler_domates,360,0.8
M4_four_tvs_res=720_bitrate=2.avi,M4_four_tvs,720,2
M7_performing_CPR_res=1080_bitrate=2.avi,M7_performing_CPR,1080,2
M8_coors_brewery_res=480_bitrate=0.8.avi,M8_coors_brewery,480,0.8
F9_around_7_blocks_res=1080_bitrate=0.8.avi,F9_around_7_blocks,1080,0.8
F5_crimson_res=480_bitrate=0.25.avi,F5_crimson,480,0.25
M8_coors_brewery_res=360_bitrate=0.8.avi,M8_coors_brewery,360,0.8
M2_back_tire_res=1080_bitrate=2.avi,M2_back_tire,1080,2
M5_I_want_to_learn_to_fish_res=480_bitrate=2.avi,M5_I_want_to_learn_to_fish,480,2
M3_died_at_32_res=1080_bitrate=0.8.avi,M3_died_at_32,1080,0.8
F10_no_she_is_not_deaf_res=720_bitrate=0.25.avi,F10_no_she_is_not_deaf,720,0.25
F5_crimson_res=480_bitrate=0.8.avi,F5_crimson,480,0.8
F9_action_of_the_dogs_ears_res=360_bitrate=0.8.avi,F9_action_of_the_dogs_ears,360,0.8
M2_back_tire_res=1080_bitrate=reference.avi,M2_back_tire,1080,reference
F5_crimson_res=720_bitrate=0.25.avi,F5_crimson,720,0.25
M2_back_tire_res=480_bitrate=2.avi,M2_back_tire,480,2
M4_four_tvs_res=1080_bitrate=reference.avi,M4_four_tvs,1080,reference
M3_died_at_32_res=480_bitrate=0.25.avi,M3_died_at_32,480,0.25
M8_Quaker_res=720_bitrate=0.25.avi,M8_Quaker,720,0.25
M2_cheat_code_res=1080_bitrate=0.8.avi,M2_cheat_code,1080,0.8
M8_coors_brewery_res=1080_bitrate=2.avi,M8_coors_brewery,1080,2
M2_back_tire_res=720_bitrate=2.avi,M2_back_tire,720,2
M7_how_about_cooking_meals_res=480_bitrate=0.8.avi,M7_how_about_cooking_meals,480,0.8
M4_four_tvs_res=720_bitrate=0.8.avi,M4_four_tvs,720,0.8
M3_died_at_32_res=480_bitrate=0.8.avi,M3_died_at_32,480,0.8
F9_around_7_blocks_res=360_bitrate=0.8.avi,F9_around_7_blocks,360,0.8
M4_four_tvs_res=1080_bitrate=2.avi,M4_four_tvs,1080,2
M7_performing_CPR_res=480_bitrate=2.avi,M7_performing_CPR,480,2
F9_around_7_blocks_res=480_bitrate=0.8.avi,F9_around_7_blocks,480,0.8
M7_performing_CPR_res=720_bitrate=2.avi,M7_performing_CPR,720,2
F10_no_she_is_not_deaf_res=480_bitrate=0.25.avi,F10_no_she_is_not_deaf,480,0.25
M3_died_at_32_res=480_bitrate=2.avi,M3_died_at_32,480,2
M2_cheat_code_res=480_bitrate=0.25.avi,M2_cheat_code,480,0.25
M5_I_want_to_learn_to_fish_res=1080_bitrate=2.avi,M5_I_want_to_learn_to_fish,1080,2
F5_crimson_res=720_bitrate=0.8.avi,F5_crimson,720,0.8
F10_no_she_is_not_deaf_res=1080_bitrate=2.avi,F10_no_she_is_not_deaf,1080,2
F5_crimson_res=360_bitrate=0.8.avi,F5_crimson,360,0.8
M8_Quaker_res=360_bitrate=0.8.avi,M8_Quaker,360,0.8
F9_around_7_blocks_res=720_bitrate=0.8.avi,F9_around_7_blocks,720,0.8
M4_four_tvs_res=480_bitrate=0.25.avi,M4_four_tvs,480,0.25
M3_died_at_32_res=720_bitrate=2.avi,M3_died_at_32,720,2
M8_Quaker_res=1080_bitrate=2.avi,M8_Quaker,1080,2
M2_back_tire_res=720_bitrate=0.8.avi,M2_back_tire,720,0.8
F10_no_she_is_not_deaf_res=720_bitrate=2.avi,F10_no_she_is_not_deaf,720,2
M3_died_at_32_res=1080_bitrate=2.avi,M3_died_at_32,1080,2
M2_back_tire_res=480_bitrate=0.25.avi,M2_back_tire,480,0.25
F12_matching_pattern_res=480_bitrate=0.8.avi,F12_matching_pattern,480,0.8
M8_coors_brewery_res=720_bitrate=0.25.avi,M8_coors_brewery,720,0.25
F12_matching_pattern_res=1080_bitrate=reference.avi,F12_matching_pattern,1080,reference
M8_coors_brewery_res=480_bitrate=0.25.avi,M8_coors_brewery,480,0.25
M9_bowler_domates_res=1080_bitrate=0.8.avi,M9_bowler_domates,1080,0.8
M7_how_about_cooking_meals_res=480_bitrate=0.25.avi,M7_how_about_cooking_meals,480,0.25
F12_matching_pattern_res=480_bitrate=0.25.avi,F12_matching_pattern,480,0.25
F9_around_7_blocks_res=480_bitrate=0.25.avi,F9_around_7_blocks,480,0.25
M7_how_about_cooking_meals_res=1080_bitrate=0.8.avi,M7_how_about_cooking_meals,1080,0.8
M7_performing_CPR_res=480_bitrate=0.8.avi,M7_performing_CPR,480,0.8
M7_how_about_cooking_meals_res=720_bitrate=2.avi,M7_how_about_cooking_meals,720,2
F10_no_she_is_not_deaf_res=360_bitrate=0.8.avi,F10_no_she_is_not_deaf,360,0.8
F9_action_of_the_dogs_ears_res=720_bitrate=2.avi,F9_action_of_the_dogs_ears,720,2
M5_I_want_to_learn_to_fish_res=720_bitrate=2.avi,M5_I_want_to_learn_to_fish,720,2
F9_action_of_the_dogs_ears_res=480_bitrate=0.25.avi,F9_action_of_the_dogs_ears,480,0.25
M4_four_tvs_res=720_bitrate=0.25.avi,M4_four_tvs,720,0.25
F9_around_7_blocks_res=1080_bitrate=reference.avi,F9_around_7_blocks,1080,reference
F5_crimson_res=480_bitrate=2.avi,F5_crimson,480,2
M7_performing_CPR_res=720_bitrate=0.8.avi,M7_performing_CPR,720,0.8
M3_died_at_32_res=360_bitrate=0.8.avi,M3_died_at_32,360,0.8
M7_how_about_cooking_meals_res=720_bitrate=0.8.avi,M7_how_about_cooking_meals,720,0.8
F9_action_of_the_dogs_ears_res=1080_bitrate=reference.avi,F9_action_of_the_dogs_ears,1080,reference
M2_cheat_code_res=360_bitrate=0.8.avi,M2_cheat_code,360,0.8
F9_around_7_blocks_res=720_bitrate=2.avi,F9_around_7_blocks,720,2
F10_no_she_is_not_deaf_res=720_bitrate=0.8.avi,F10_no_she_is_not_deaf,720,0.8
M2_cheat_code_res=720_bitrate=2.avi,M2_cheat_code,720,2
F10_no_she_is_not_deaf_res=480_bitrate=0.8.avi,F10_no_she_is_not_deaf,480,0.8
F9_action_of_the_dogs_ears_res=720_bitrate=0.8.avi,F9_action_of_the_dogs_ears,720,0.8
F12_matching_pattern_res=360_bitrate=0.8.avi,F12_matching_pattern,360,0.8
M8_coors_brewery_res=720_bitrate=0.8.avi,M8_coors_brewery,720,0.8
F9_action_of_the_dogs_ears_res=1080_bitrate=2.avi,F9_action_of_the_dogs_ears,1080,2
M2_cheat_code_res=480_bitrate=0.8.avi,M2_cheat_code,480,0.8
F10_no_she_is_not_deaf_res=480_bitrate=2.avi,F10_no_she_is_not_deaf,480,2
M8_Quaker_res=480_bitrate=0.8.avi,M8_Quaker,480,0.8
F12_matching_pattern_res=480_bitrate=2.avi,F12_matching_pattern,480,2
M8_Quaker_res=720_bitrate=2.avi,M8_Quaker,720,2
F5_crimson_res=1080_bitrate=reference.avi,F5_crimson,1080,reference
F9_action_of_the_dogs_ears_res=1080_bitrate=0.8.avi,F9_action_of_the_dogs_ears,1080,0.8
M5_I_want_to_learn_to_fish_res=360_bitrate=0.8.avi,M5_I_want_to_learn_to_fish,360,0.8
F9_around_7_blocks_res=720_bitrate=0.25.avi,F9_around_7_blocks,720,0.25
M2_back_tire_res=360_bitrate=0.8.avi,M2_back_tire,360,0.8
M9_bowler_domates_res=1080_bitrate=reference.avi,M9_bowler_domates,1080,reference
M5_I_want_to_learn_to_fish_res=1080_bitrate=reference.avi,M5_I_want_to_learn_to_fish,1080,reference
M5_I_want_to_learn_to_fish_res=1080_bitrate=0.8.avi,M5_I_want_to_learn_to_fish,1080,0.8
M5_I_want_to_learn_to_fish_res=720_bitrate=0.25.avi,M5_I_want_to_learn_to_fish,720,0.25
